rank, build, set, map, avg_entry, file, check, merge, total
0, 631ms, 47977, 333333, 6.947767, 215135B, 56ms, 4ms, 691ms
1, 485ms, 50466, 343312, 6.802838, 215143B, 85ms, 0ms, 570ms
2, 634ms, 49548, 344974, 6.962420, 215142B, 68ms, 0ms, 702ms
3, 551ms, 50510, 340307, 6.737418, 215151B, 46ms, 0ms, 598ms
