rank, build, set, map, avg_entry, file, check, merge, total
0, 2788ms, 308498, 3036699, 9.843497, 1750158B, 229ms, 11ms, 3029ms
1, 2571ms, 319312, 3059119, 9.580345, 1750157B, 423ms, 0ms, 2994ms
2, 2871ms, 300456, 3126768, 10.406742, 1750150B, 198ms, 2ms, 3072ms
3, 2826ms, 321694, 3049189, 9.478539, 1750170B, 167ms, 0ms, 2993ms
