rank, build, set, map, avg_entry, file, check, merge, total
0, 5462ms, 627081, 6069303, 9.678659, 3500315B, 470ms, 12ms, 5946ms
1, 5548ms, 622150, 6161685, 9.903858, 3500320B, 149ms, 0ms, 5698ms
