rank, build, set, map, avg_entry, file, check, merge, total
0, 338ms, 2503, 16330, 6.524171, 9961B, 223ms, 24ms, 586ms
1, 418ms, 2320, 17053, 7.350431, 9962B, 223ms, 0ms, 642ms
2, 356ms, 2420, 17160, 7.090909, 9966B, 223ms, 0ms, 580ms
3, 390ms, 2520, 16983, 6.739286, 9957B, 223ms, 0ms, 614ms
4, 350ms, 2686, 16364, 6.092331, 9968B, 224ms, 1ms, 576ms
5, 407ms, 2382, 16991, 7.133081, 9961B, 223ms, 0ms, 631ms
6, 366ms, 2542, 16501, 6.491345, 9963B, 223ms, 1ms, 591ms
7, 422ms, 2616, 16580, 6.337920, 9968B, 225ms, 0ms, 647ms
