rank, build, set, map, avg_entry, file, check, merge, total
0, 318ms, 2503, 16330, 6.524171, 9961B, 98ms, 14ms, 431ms
1, 365ms, 2320, 17053, 7.350431, 9962B, 98ms, 0ms, 463ms
2, 396ms, 2420, 17160, 7.090909, 9966B, 97ms, 0ms, 494ms
3, 347ms, 2520, 16983, 6.739286, 9957B, 97ms, 0ms, 445ms
4, 370ms, 2686, 16364, 6.092331, 9968B, 98ms, 0ms, 469ms
5, 376ms, 2382, 16991, 7.133081, 9961B, 97ms, 11ms, 485ms
6, 309ms, 2542, 16501, 6.491345, 9963B, 97ms, 0ms, 407ms
7, 405ms, 2616, 16580, 6.337920, 9968B, 97ms, 0ms, 503ms
