rank, build, set, map, avg_entry, file, check, merge, total
0, 691ms, 98215, 669618, 6.817879, 430278B, 74ms, 4ms, 770ms
1, 625ms, 100058, 680689, 6.802944, 430293B, 30ms, 0ms, 655ms
