rank, build, set, map, avg_entry, file, check, merge, total
0, 283ms, 4822, 33276, 6.900871, 19923B, 41ms, 4ms, 328ms
1, 298ms, 4940, 33963, 6.875101, 19923B, 41ms, 0ms, 339ms
2, 295ms, 5068, 33203, 6.551500, 19929B, 40ms, 0ms, 336ms
3, 271ms, 5158, 32912, 6.380768, 19931B, 40ms, 0ms, 312ms
