rank, build, set, map, avg_entry, file, check, merge, total
0, 280ms, 9764, 66929, 6.854670, 39853B, 180ms, 27ms, 489ms
1, 248ms, 10224, 65688, 6.424883, 39853B, 179ms, 2ms, 431ms
