rank, build, set, map, avg_entry, file, check, merge, total
0, 2779ms, 308498, 3036699, 9.843497, 1750158B, 498ms, 19ms, 3298ms
1, 2565ms, 319312, 3059119, 9.580345, 1750157B, 642ms, 5ms, 3212ms
2, 2815ms, 300456, 3126768, 10.406742, 1750150B, 512ms, 4ms, 3332ms
3, 2888ms, 321694, 3049189, 9.478539, 1750170B, 443ms, 2ms, 3334ms
