rank, build, set, map, avg_entry, file, check, merge, total
0, 2701ms, 308498, 3036699, 9.843497, 1750158B, 286ms, 4ms, 2992ms
1, 2620ms, 319312, 3059119, 9.580345, 1750157B, 417ms, 0ms, 3037ms
2, 2770ms, 300456, 3126768, 10.406742, 1750150B, 304ms, 0ms, 3075ms
3, 2998ms, 321694, 3049189, 9.478539, 1750170B, 53ms, 0ms, 3051ms
