rank, build, set, map, avg_entry, file, check, merge, total
0, 659ms, 24276, 162105, 6.677583, 107567B, 125ms, 15ms, 800ms
1, 708ms, 23796, 174278, 7.323836, 107568B, 110ms, 0ms, 819ms
2, 650ms, 24994, 174551, 6.983716, 107571B, 90ms, 0ms, 740ms
3, 673ms, 25472, 171294, 6.724796, 107572B, 118ms, 0ms, 792ms
4, 527ms, 25676, 169470, 6.600327, 107574B, 125ms, 0ms, 653ms
5, 668ms, 23872, 177135, 7.420199, 107568B, 106ms, 11ms, 786ms
6, 608ms, 25162, 168781, 6.707774, 107572B, 98ms, 0ms, 707ms
7, 759ms, 25348, 173740, 6.854190, 107579B, 124ms, 0ms, 883ms
