rank, build, set, map, avg_entry, file, check, merge, total
0, 399ms, 4822, 33276, 6.900871, 19923B, 161ms, 28ms, 589ms
1, 319ms, 4940, 33963, 6.875101, 19923B, 162ms, 4ms, 486ms
2, 453ms, 5068, 33203, 6.551500, 19929B, 162ms, 6ms, 622ms
3, 415ms, 5158, 32912, 6.380768, 19931B, 163ms, 5ms, 585ms
