rank, build, set, map, avg_entry, file, check, merge, total
0, 219ms, 9764, 66929, 6.854670, 39853B, 1345ms, 155ms, 1720ms
1, 227ms, 10224, 65688, 6.424883, 39853B, 1361ms, 20ms, 1609ms
