rank, build, set, map, avg_entry, file, check, merge, total
0, 5286ms, 627081, 6069303, 9.678659, 3500315B, 408ms, 5ms, 5700ms
1, 5671ms, 622150, 6161685, 9.903858, 3500320B, 38ms, 0ms, 5710ms
