rank, build, set, map, avg_entry, file, check, merge, total
0, 5310ms, 627081, 6069303, 9.678659, 3500315B, 774ms, 15ms, 6100ms
1, 5486ms, 622150, 6161685, 9.903858, 3500320B, 491ms, 1ms, 5979ms
