rank, build, set, map, avg_entry, file, check, merge, total
0, 1505ms, 159299, 1495924, 9.390668, 875074B, 281ms, 9ms, 1796ms
1, 1540ms, 149464, 1549656, 10.368089, 875084B, 326ms, 0ms, 1867ms
2, 1519ms, 158106, 1534619, 9.706267, 875070B, 296ms, 0ms, 1816ms
3, 1504ms, 161206, 1531573, 9.500720, 875087B, 314ms, 0ms, 1819ms
4, 1469ms, 152756, 1554834, 10.178546, 875073B, 358ms, 1ms, 1829ms
5, 1537ms, 147700, 1575581, 10.667441, 875077B, 292ms, 0ms, 1830ms
6, 1471ms, 163798, 1515663, 9.253245, 875086B, 264ms, 1ms, 1736ms
7, 1460ms, 157896, 1542503, 9.769108, 875084B, 421ms, 0ms, 1882ms
