rank, build, set, map, avg_entry, file, check, merge, total
0, 263ms, 4822, 33276, 6.900871, 19923B, 995ms, 167ms, 1426ms
1, 309ms, 4940, 33963, 6.875101, 19923B, 997ms, 21ms, 1327ms
2, 303ms, 5068, 33203, 6.551500, 19929B, 996ms, 33ms, 1333ms
3, 292ms, 5158, 32912, 6.380768, 19931B, 1004ms, 31ms, 1329ms
