rank, build, set, map, avg_entry, file, check, merge, total
0, 275ms, 9764, 66929, 6.854670, 39853B, 28ms, 3ms, 308ms
1, 229ms, 10224, 65688, 6.424883, 39853B, 28ms, 0ms, 257ms
