rank, build, set, map, avg_entry, file, check, merge, total
0, 1520ms, 159299, 1495924, 9.390668, 875074B, 148ms, 15ms, 1684ms
1, 1523ms, 149464, 1549656, 10.368089, 875084B, 184ms, 0ms, 1707ms
2, 1564ms, 158106, 1534619, 9.706267, 875070B, 107ms, 0ms, 1672ms
3, 1623ms, 161206, 1531573, 9.500720, 875087B, 109ms, 0ms, 1732ms
4, 1384ms, 152756, 1554834, 10.178546, 875073B, 195ms, 0ms, 1580ms
5, 1584ms, 147700, 1575581, 10.667441, 875077B, 117ms, 11ms, 1712ms
6, 1630ms, 163798, 1515663, 9.253245, 875086B, 87ms, 0ms, 1718ms
7, 1570ms, 157896, 1542503, 9.769108, 875084B, 140ms, 0ms, 1711ms
