rank, build, set, map, avg_entry, file, check, merge, total
0, 518ms, 47977, 333333, 6.947767, 215135B, 2136ms, 160ms, 2815ms
1, 445ms, 50466, 343312, 6.802838, 215143B, 2142ms, 54ms, 2642ms
2, 582ms, 49548, 344974, 6.962420, 215142B, 2108ms, 68ms, 2759ms
3, 602ms, 50510, 340307, 6.737418, 215151B, 2139ms, 31ms, 2773ms
