rank, build, set, map, avg_entry, file, check, merge, total
0, 600ms, 98215, 669618, 6.817879, 430278B, 2214ms, 158ms, 2972ms
1, 633ms, 100058, 680689, 6.802944, 430293B, 2210ms, 20ms, 2864ms
