rank, build, set, map, avg_entry, file, check, merge, total
0, 406ms, 24276, 162105, 6.677583, 107567B, 224ms, 8ms, 639ms
1, 477ms, 23796, 174278, 7.323836, 107568B, 199ms, 0ms, 677ms
2, 460ms, 24994, 174551, 6.983716, 107571B, 183ms, 0ms, 644ms
3, 381ms, 25472, 171294, 6.724796, 107572B, 198ms, 0ms, 580ms
4, 383ms, 25676, 169470, 6.600327, 107574B, 229ms, 0ms, 614ms
5, 407ms, 23872, 177135, 7.420199, 107568B, 182ms, 0ms, 590ms
6, 457ms, 25162, 168781, 6.707774, 107572B, 200ms, 0ms, 659ms
7, 400ms, 25348, 173740, 6.854190, 107579B, 229ms, 0ms, 630ms
