rank, build, set, map, avg_entry, file, check, merge, total
0, 617ms, 98215, 669618, 6.817879, 430278B, 131ms, 11ms, 759ms
1, 631ms, 100058, 680689, 6.802944, 430293B, 110ms, 1ms, 743ms
