rank, build, set, map, avg_entry, file, check, merge, total
0, 501ms, 47977, 333333, 6.947767, 215135B, 121ms, 9ms, 631ms
1, 482ms, 50466, 343312, 6.802838, 215143B, 146ms, 0ms, 629ms
2, 563ms, 49548, 344974, 6.962420, 215142B, 116ms, 1ms, 682ms
3, 585ms, 50510, 340307, 6.737418, 215151B, 121ms, 0ms, 706ms
